,primerF sequence,primerR sequence,kmer index,primerF 3,primerR 3,position difference,Fexclude,Rexclude,ampUnique,fUnique10,rUnique10,amplicon,occupied,GuideToOrder
733,gaaatTAATACGACTCACTATAGGGAATTGCGAAGGGCGAACGCGATTTTAAAGA,CGATGAACCGGGTAATTAGCGTGCTGGCCG,324,329,361,32,-1,-1,4,5,5,CCGCGTCGGCTTTCTTCGCGGCCGAGCTCGAC,1,CCGCGTCGGCTTTCTTCGCGGCCGAGCTCGACGTTTTAGTCCCCTTCGTTTTTGGGGTAGTCTAAATCCCCTATAGTGAGTCGTATTAatttc
736,gaaatTAATACGACTCACTATAGGGCCAACAAGAAGGCGTACTCGACCTGAAAGA,GCCGCTCGCTGAACCGGATCGATGTGTACT,981,986,1015,29,-1,-1,1,5,5,CGTTATCCACCATACGGATAGGGGATCTC,1,CGTTATCCACCATACGGATAGGGGATCTCGTTTTAGTCCCCTTCGTTTTTGGGGTAGTCTAAATCCCCTATAGTGAGTCGTATTAatttc
739,gaaatTAATACGACTCACTATAGGGCAAGTCGCAAGTGTCGATCATGGCCAAAGA,GCGTCGGCGGCGAGGAAGGTATACGGGCCG,1832,1837,1882,45,-1,-1,17,5,5,GCTCGACGAAGCCGTAGAGGCGTTTCGGACCCGCCCGCTCGATGC,1,GCTCGACGAAGCCGTAGAGGCGTTTCGGACCCGCCCGCTCGATGCGTTTTAGTCCCCTTCGTTTTTGGGGTAGTCTAAATCCCCTATAGTGAGTCGTATTAatttc
742,gaaatTAATACGACTCACTATAGGGATCAGTTGTTGCCCAATATGATCGGGTACT,TGAACGCCAGCAGGTCGGTGCGGGCGGTGT,2297,2302,2346,44,-1,-1,16,5,5,CGACGCTCTGACCGACAAACTCCCCGCGGTGGCCGAGCACCTCG,1,CGACGCTCTGACCGACAAACTCCCCGCGGTGGCCGAGCACCTCGGTTTTAGTCCCCTTCGTTTTTGGGGTAGTCTAAATCCCCTATAGTGAGTCGTATTAatttc
745,gaaatTAATACGACTCACTATAGGGCCGCGGTCAGCACGATTCGGAGTGGGCAGC,GCACCCACTTACGCACCGTCTCCGCGCAGC,145,150,182,32,-1,-1,4,5,5,GATCAGTGAGGTCGCCCGTCTACTTGGTGTTG,1,GATCAGTGAGGTCGCCCGTCTACTTGGTGTTGGTTTTAGTCCCCTTCGTTTTTGGGGTAGTCTAAATCCCCTATAGTGAGTCGTATTAatttc
748,gaaatTAATACGACTCACTATAGGGCCTCTTCTCATCTTATCGACGCCGAGCAGC,GCGATGAACGTCGAGAGCAGCCCGCGCAGC,1438,1443,1480,37,-1,-1,9,5,5,TTCTGGCTGACCAACTCGCACAGGCGAGCCCGGATCT,1,TTCTGGCTGACCAACTCGCACAGGCGAGCCCGGATCTGTTTTAGTCCCCTTCGTTTTTGGGGTAGTCTAAATCCCCTATAGTGAGTCGTATTAatttc
751,gaaatTAATACGACTCACTATAGGGCTGTGCGGGGCGGGCTACCGCGAACGCAGC,TCGCGACGTCGATGGTTGCGGCACGGGTGT,1563,1568,1614,46,-1,-1,18,5,5,GATGAGCGGTCCAATCAGCGCAACGGCTACCGCCACCGTGATTTCG,1,GATGAGCGGTCCAATCAGCGCAACGGCTACCGCCACCGTGATTTCGGTTTTAGTCCCCTTCGTTTTTGGGGTAGTCTAAATCCCCTATAGTGAGTCGTATTAatttc
754,gaaatTAATACGACTCACTATAGGGAACCCACTACGCAGCCAATCTGATGGCAGC,GCGTCGGGCTGGTCGTAGATGGAGTGCAGC,2198,2203,2239,36,-1,-1,8,5,5,CACCCCGAAGCCCTCCTGGCCGTGGGTGCGCACCCT,1,CACCCCGAAGCCCTCCTGGCCGTGGGTGCGCACCCTGTTTTAGTCCCCTTCGTTTTTGGGGTAGTCTAAATCCCCTATAGTGAGTCGTATTAatttc
757,gaaatTAATACGACTCACTATAGGGCCTCGAGGTCCTCACCCGAGCCCGAGCAGC,TGGCAGTCTAGGTGGTCAGTGCTGGGGTGT,2588,2593,2634,41,-1,-1,13,5,5,ACTGACCAGCACCGAAGAACCCGCCAAGCAGCAAACCACCA,1,ACTGACCAGCACCGAAGAACCCGCCAAGCAGCAAACCACCAGTTTTAGTCCCCTTCGTTTTTGGGGTAGTCTAAATCCCCTATAGTGAGTCGTATTAatttc
760,gaaatTAATACGACTCACTATAGGGCGAGGGCCCCGATGGTTTGCGGTGGGGTGT,CCCGGTTGATGTGGTCGTAGTAGGTCGATG,435,440,487,47,-1,-1,19,5,5,CGAGTCGATCTGCACACAGCTGACCGAGCTGGGTGTGCCGATCGCCC,1,CGAGTCGATCTGCACACAGCTGACCGAGCTGGGTGTGCCGATCGCCCGTTTTAGTCCCCTTCGTTTTTGGGGTAGTCTAAATCCCCTATAGTGAGTCGTATTAatttc
763,gaaatTAATACGACTCACTATAGGGCAGCCGCGTCCACGCCGCCAACTACGGTGT,CGTTCGACGGTGCATCTGGCCACCTCGATG,588,593,635,42,-1,-1,14,5,5,TTACGGTGCCCGCAAAGTGTGGCTAACCCTGAACCGTGAGGG,1,TTACGGTGCCCGCAAAGTGTGGCTAACCCTGAACCGTGAGGGGTTTTAGTCCCCTTCGTTTTTGGGGTAGTCTAAATCCCCTATAGTGAGTCGTATTAatttc
766,gaaatTAATACGACTCACTATAGGGTCCAGGTCACCTCCGCCGAGGACGGGGCCG,CTGGTGACCAGCGCGACCCCGGACAGGCCG,2035,2040,2074,34,-1,-1,6,5,5,GCTGGCTGGCGTTCTTCCGCGACCTGGTCGCCCG,1,GCTGGCTGGCGTTCTTCCGCGACCTGGTCGCCCGGTTTTAGTCCCCTTCGTTTTTGGGGTAGTCTAAATCCCCTATAGTGAGTCGTATTAatttc
769,gaaatTAATACGACTCACTATAGGGGTAAGTGGGTGCGCCAGGCGCAGGTCGATG,GCGTTGTCCCGCCGCAAGCGCTTCAGCTCA,225,230,267,37,-1,-1,9,5,5,CCGGCGCACGGCCCGGGACCACGACCGAAGAATCCGC,1,CCGGCGCACGGCCCGGGACCACGACCGAAGAATCCGCGTTTTAGTCCCCTTCGTTTTTGGGGTAGTCTAAATCCCCTATAGTGAGTCGTATTAatttc
772,gaaatTAATACGACTCACTATAGGGATCCTGGGCTGGCGGGTCGCTTCCACGATG,CGCCTTCTTGTTGGCGGGTCCAGATGGCTT,904,909,940,31,-1,-1,3,5,5,GCCACCTCCATGGTCCTCGACGCGATCGAGC,1,GCCACCTCCATGGTCCTCGACGCGATCGAGCGTTTTAGTCCCCTTCGTTTTTGGGGTAGTCTAAATCCCCTATAGTGAGTCGTATTAatttc
775,gaaatTAATACGACTCACTATAGGGCCTTCCTCGCCGCCGACGCCCTGGTGCTCA,CGGCGTTGACGCCGGTGGCGATCAAGGTGT,1918,1923,1956,33,-1,-1,5,5,5,AGGTGCGCGAGGCAGGCCGCGTCGTCGGGGTGC,1,AGGTGCGCGAGGCAGGCCGCGTCGTCGGGGTGCGTTTTAGTCCCCTTCGTTTTTGGGGTAGTCTAAATCCCCTATAGTGAGTCGTATTAatttc
778,gaaatTAATACGACTCACTATAGGGCCAACCGTCGGTCGGAGCGGTCGGAAGCTC,GGTTTGATCAGCTCGGTCTTGTATAGGCCG,1086,1091,1121,30,-1,-1,2,5,5,CTATGACAATGCACTAGCCGAGACGATCAA,1,CTATGACAATGCACTAGCCGAGACGATCAAGTTTTAGTCCCCTTCGTTTTTGGGGTAGTCTAAATCCCCTATAGTGAGTCGTATTAatttc
781,gaaatTAATACGACTCACTATAGGGCAGATGCACCGTCGAACGGCTGATGACCAA,CCGGATCAGCGATCGTGGTCCTGCGGGCTT,672,677,706,29,-1,-1,1,5,5,ACTCGGCCTGTCCGGGACCACCCGCGGCA,1,ACTCGGCCTGTCCGGGACCACCCGCGGCAGTTTTAGTCCCCTTCGTTTTTGGGGTAGTCTAAATCCCCTATAGTGAGTCGTATTAatttc
784,gaaatTAATACGACTCACTATAGGGCTTGGAAAGGATGGGGTCATGTCAGGTGGT,ATCTCTGCGACCATCCGCACCGCCCGCTCA,56,61,90,29,-1,-1,1,5,5,TCATCGAGGAGGTACCCGCCGGAGCTGCG,1,TCATCGAGGAGGTACCCGCCGGAGCTGCGGTTTTAGTCCCCTTCGTTTTTGGGGTAGTCTAAATCCCCTATAGTGAGTCGTATTAatttc