,Unnamed: 0,primerF sequence,primerR sequence,kmer index,primerF 3,primerR 3,position difference,Fexclude,Rexclude,ampUnique,fUnique10,rUnique10,amplicon,occupied,GuideToOrder,TmPrimerF,TmPrimerR
0,733,gaaatTAATACGACTCACTATAGGGAATTGCGAAGGGCGAACGCGATTTTAAAGA,GAACCGGGTAATTAGCGTGCTGGCCG,324,329,361,32,-1,-1,4,5,5,CCGCGTCGGCTTTCTTCGCGGCCGAGCTCGAC,1,CCGCGTCGGCTTTCTTCGCGGCCGAGCTCGACGTTTTAGTCCCCTTCGTTTTTGGGGTAGTCTAAATCCCCTATAGTGAGTCGTATTAatttc,66.9234473,68.62690234
1,736,gaaatTAATACGACTCACTATAGGGCCAACAAGAAGGCGTACTCGACCTGAAAGA,CGCTCGCTGAACCGGATCGATGTGTACT,981,986,1015,29,-1,-1,1,5,5,CGTTATCCACCATACGGATAGGGGATCTC,1,CGTTATCCACCATACGGATAGGGGATCTCGTTTTAGTCCCCTTCGTTTTTGGGGTAGTCTAAATCCCCTATAGTGAGTCGTATTAatttc,66.90718941,68.82905301
2,739,gaaatTAATACGACTCACTATAGGGCAAGTCGCAAGTGTCGATCATGGCCAAAGA,CGGCGAGGAAGGTATACGGGCCG,1832,1837,1882,45,-1,-1,17,5,5,GCTCGACGAAGCCGTAGAGGCGTTTCGGACCCGCCCGCTCGATGC,1,GCTCGACGAAGCCGTAGAGGCGTTTCGGACCCGCCCGCTCGATGCGTTTTAGTCCCCTTCGTTTTTGGGGTAGTCTAAATCCCCTATAGTGAGTCGTATTAatttc,67.93992117,67.84523697
3,742,gaaatTAATACGACTCACTATAGGGATCAGTTGTTGCCCAATATGATCGGGTACT,CAGGTCGGTGCGGGCGGTGT,2297,2302,2346,44,-1,-1,16,5,5,CGACGCTCTGACCGACAAACTCCCCGCGGTGGCCGAGCACCTCG,1,CGACGCTCTGACCGACAAACTCCCCGCGGTGGCCGAGCACCTCGGTTTTAGTCCCCTTCGTTTTTGGGGTAGTCTAAATCCCCTATAGTGAGTCGTATTAatttc,64.8863063,68.81350008
4,745,gaaatTAATACGACTCACTATAGGGGTCAGCACGATTCGGAGTGGGCAGC,TTACGCACCGTCTCCGCGCAGC,145,150,182,32,-1,-1,4,5,5,GATCAGTGAGGTCGCCCGTCTACTTGGTGTTG,1,GATCAGTGAGGTCGCCCGTCTACTTGGTGTTGGTTTTAGTCCCCTTCGTTTTTGGGGTAGTCTAAATCCCCTATAGTGAGTCGTATTAatttc,68.68205402,68.97769589
5,748,gaaatTAATACGACTCACTATAGGGCCTCTTCTCATCTTATCGACGCCGAGCAGC,CGAGAGCAGCCCGCGCAGC,1438,1443,1480,37,-1,-1,9,5,5,TTCTGGCTGACCAACTCGCACAGGCGAGCCCGGATCT,1,TTCTGGCTGACCAACTCGCACAGGCGAGCCCGGATCTGTTTTAGTCCCCTTCGTTTTTGGGGTAGTCTAAATCCCCTATAGTGAGTCGTATTAatttc,68.70229743,68.06637802
6,751,gaaatTAATACGACTCACTATAGGGCGGGCTACCGCGAACGCAGC,GTCGATGGTTGCGGCACGGGTGT,1563,1568,1614,46,-1,-1,18,5,5,GATGAGCGGTCCAATCAGCGCAACGGCTACCGCCACCGTGATTTCG,1,GATGAGCGGTCCAATCAGCGCAACGGCTACCGCCACCGTGATTTCGGTTTTAGTCCCCTTCGTTTTTGGGGTAGTCTAAATCCCCTATAGTGAGTCGTATTAatttc,67.908238,68.88039626
7,754,gaaatTAATACGACTCACTATAGGGCCACTACGCAGCCAATCTGATGGCAGC,GGGCTGGTCGTAGATGGAGTGCAGC,2198,2203,2239,36,-1,-1,8,5,5,CACCCCGAAGCCCTCCTGGCCGTGGGTGCGCACCCT,1,CACCCCGAAGCCCTCCTGGCCGTGGGTGCGCACCCTGTTTTAGTCCCCTTCGTTTTTGGGGTAGTCTAAATCCCCTATAGTGAGTCGTATTAatttc,68.56928752,67.85702939
8,757,gaaatTAATACGACTCACTATAGGGCCTCACCCGAGCCCGAGCAGC,CAGTCTAGGTGGTCAGTGCTGGGGTGT,2588,2593,2634,41,-1,-1,13,5,5,ACTGACCAGCACCGAAGAACCCGCCAAGCAGCAAACCACCA,1,ACTGACCAGCACCGAAGAACCCGCCAAGCAGCAAACCACCAGTTTTAGTCCCCTTCGTTTTTGGGGTAGTCTAAATCCCCTATAGTGAGTCGTATTAatttc,68.53017007,68.08538188
9,760,gaaatTAATACGACTCACTATAGGGCCCGATGGTTTGCGGTGGGGTGT,CCCGGTTGATGTGGTCGTAGTAGGTCGATG,435,440,487,47,-1,-1,19,5,5,CGAGTCGATCTGCACACAGCTGACCGAGCTGGGTGTGCCGATCGCCC,1,CGAGTCGATCTGCACACAGCTGACCGAGCTGGGTGTGCCGATCGCCCGTTTTAGTCCCCTTCGTTTTTGGGGTAGTCTAAATCCCCTATAGTGAGTCGTATTAatttc,68.49113153,68.27474112
10,763,gaaatTAATACGACTCACTATAGGGGTCCACGCCGCCAACTACGGTGT,GACGGTGCATCTGGCCACCTCGATG,588,593,635,42,-1,-1,14,5,5,TTACGGTGCCCGCAAAGTGTGGCTAACCCTGAACCGTGAGGG,1,TTACGGTGCCCGCAAAGTGTGGCTAACCCTGAACCGTGAGGGGTTTTAGTCCCCTTCGTTTTTGGGGTAGTCTAAATCCCCTATAGTGAGTCGTATTAatttc,68.34493627,68.29946158
11,766,gaaatTAATACGACTCACTATAGGGCGCCGAGGACGGGGCCG,GCGACCCCGGACAGGCCG,2035,2040,2074,34,-1,-1,6,5,5,GCTGGCTGGCGTTCTTCCGCGACCTGGTCGCCCG,1,GCTGGCTGGCGTTCTTCCGCGACCTGGTCGCCCGGTTTTAGTCCCCTTCGTTTTTGGGGTAGTCTAAATCCCCTATAGTGAGTCGTATTAatttc,67.08768619,66.98510414
12,769,gaaatTAATACGACTCACTATAGGGGCGCCAGGCGCAGGTCGATG,CGCCGCAAGCGCTTCAGCTCA,225,230,267,37,-1,-1,9,5,5,CCGGCGCACGGCCCGGGACCACGACCGAAGAATCCGC,1,CCGGCGCACGGCCCGGGACCACGACCGAAGAATCCGCGTTTTAGTCCCCTTCGTTTTTGGGGTAGTCTAAATCCCCTATAGTGAGTCGTATTAatttc,67.98828463,67.75198391
13,772,gaaatTAATACGACTCACTATAGGGCTGGCGGGTCGCTTCCACGATG,CTTCTTGTTGGCGGGTCCAGATGGCTT,904,909,940,31,-1,-1,3,5,5,GCCACCTCCATGGTCCTCGACGCGATCGAGC,1,GCCACCTCCATGGTCCTCGACGCGATCGAGCGTTTTAGTCCCCTTCGTTTTTGGGGTAGTCTAAATCCCCTATAGTGAGTCGTATTAatttc,66.97304539,67.85339453
14,775,gaaatTAATACGACTCACTATAGGGCGCCGACGCCCTGGTGCTCA,GACGCCGGTGGCGATCAAGGTGT,1918,1923,1956,33,-1,-1,5,5,5,AGGTGCGCGAGGCAGGCCGCGTCGTCGGGGTGC,1,AGGTGCGCGAGGCAGGCCGCGTCGTCGGGGTGCGTTTTAGTCCCCTTCGTTTTTGGGGTAGTCTAAATCCCCTATAGTGAGTCGTATTAatttc,68.83070444,68.42494677
15,778,gaaatTAATACGACTCACTATAGGGCGGTCGGAGCGGTCGGAAGCTC,GGTTTGATCAGCTCGGTCTTGTATAGGCCG,1086,1091,1121,30,-1,-1,2,5,5,CTATGACAATGCACTAGCCGAGACGATCAA,1,CTATGACAATGCACTAGCCGAGACGATCAAGTTTTAGTCCCCTTCGTTTTTGGGGTAGTCTAAATCCCCTATAGTGAGTCGTATTAatttc,68.29007349,67.30160682
16,781,gaaatTAATACGACTCACTATAGGGGCACCGTCGAACGGCTGATGACCAA,GCGATCGTGGTCCTGCGGGCTT,672,677,706,29,-1,-1,1,5,5,ACTCGGCCTGTCCGGGACCACCCGCGGCA,1,ACTCGGCCTGTCCGGGACCACCCGCGGCAGTTTTAGTCCCCTTCGTTTTTGGGGTAGTCTAAATCCCCTATAGTGAGTCGTATTAatttc,68.36888034,68.62328379
17,784,gaaatTAATACGACTCACTATAGGGCTTGGAAAGGATGGGGTCATGTCAGGTGGT,CCATCCGCACCGCCCGCTCA,56,61,90,29,-1,-1,1,5,5,TCATCGAGGAGGTACCCGCCGGAGCTGCG,1,TCATCGAGGAGGTACCCGCCGGAGCTGCGGTTTTAGTCCCCTTCGTTTTTGGGGTAGTCTAAATCCCCTATAGTGAGTCGTATTAatttc,68.3306205,68.95608118